video_id,augmented,env,band,sequence_path,low_quality,valid_ratio,mean_visibility,longest_dropout,split
Backside-8767-14,False,indoor,1_2,processed_videos\sequences\Backside-8767-14__indoor__1_2.npz,False,1.0,0.8017249703407288,0,val
Backside-8767-14,True,indoor,1_2,processed_videos\sequences\Backside-8767-14__gaussian__indoor__1_2.npz,False,1.0,0.8017249703407288,0,val
Backside-8767-14,True,indoor,1_2,processed_videos\sequences\Backside-8767-14__timewarp__indoor__1_2.npz,False,1.0,0.8017249703407288,0,val
Backside-8767-14,True,indoor,1_2,processed_videos\sequences\Backside-8767-14__jitter__indoor__1_2.npz,False,1.0,0.8017249703407288,0,val
Backside-8767-14,True,indoor,1_2,processed_videos\sequences\Backside-8767-14__dropout__indoor__1_2.npz,False,1.0,0.8017249703407288,0,val
Backside-8767-16,False,indoor,1_2,processed_videos\sequences\Backside-8767-16__indoor__1_2.npz,False,1.0,0.7527834971745809,0,test
Backside-8767-16,True,indoor,1_2,processed_videos\sequences\Backside-8767-16__gaussian__indoor__1_2.npz,False,1.0,0.7527834971745809,0,test
Backside-8767-16,True,indoor,1_2,processed_videos\sequences\Backside-8767-16__timewarp__indoor__1_2.npz,False,1.0,0.7527834971745809,0,test
Backside-8767-16,True,indoor,1_2,processed_videos\sequences\Backside-8767-16__jitter__indoor__1_2.npz,False,1.0,0.7527834971745809,0,test
Backside-8767-16,True,indoor,1_2,processed_videos\sequences\Backside-8767-16__dropout__indoor__1_2.npz,False,1.0,0.7527834971745809,0,test
Backside-8767-17,False,indoor,1_2,processed_videos\sequences\Backside-8767-17__indoor__1_2.npz,False,1.0,0.8299671510855356,0,test
Backside-8767-17,True,indoor,1_2,processed_videos\sequences\Backside-8767-17__gaussian__indoor__1_2.npz,False,1.0,0.8299671510855356,0,test
Backside-8767-17,True,indoor,1_2,processed_videos\sequences\Backside-8767-17__timewarp__indoor__1_2.npz,False,1.0,0.8299671510855356,0,test
Backside-8767-17,True,indoor,1_2,processed_videos\sequences\Backside-8767-17__jitter__indoor__1_2.npz,False,1.0,0.8299671510855356,0,test
Backside-8767-17,True,indoor,1_2,processed_videos\sequences\Backside-8767-17__dropout__indoor__1_2.npz,False,1.0,0.8299671510855356,0,test
Side-6020-15,False,indoor,1_2,processed_videos\sequences\Side-6020-15__indoor__1_2.npz,False,1.0,0.9148423274358114,0,train
Side-6020-15,True,indoor,1_2,processed_videos\sequences\Side-6020-15__gaussian__indoor__1_2.npz,False,1.0,0.9148423274358114,0,train
Side-6020-15,True,indoor,1_2,processed_videos\sequences\Side-6020-15__timewarp__indoor__1_2.npz,False,1.0,0.9148423274358114,0,train
Side-6020-15,True,indoor,1_2,processed_videos\sequences\Side-6020-15__jitter__indoor__1_2.npz,False,1.0,0.9148423274358114,0,train
Side-6020-15,True,indoor,1_2,processed_videos\sequences\Side-6020-15__dropout__indoor__1_2.npz,False,1.0,0.9148423274358114,0,train
Side-6020-7,False,indoor,1_2,processed_videos\sequences\Side-6020-7__indoor__1_2.npz,False,1.0,0.9346761306126913,0,train
Side-6020-7,True,indoor,1_2,processed_videos\sequences\Side-6020-7__gaussian__indoor__1_2.npz,False,1.0,0.9346761306126913,0,train
Side-6020-7,True,indoor,1_2,processed_videos\sequences\Side-6020-7__timewarp__indoor__1_2.npz,False,1.0,0.9346761306126913,0,train
Side-6020-7,True,indoor,1_2,processed_videos\sequences\Side-6020-7__jitter__indoor__1_2.npz,False,1.0,0.9346761306126913,0,train
Side-6020-7,True,indoor,1_2,processed_videos\sequences\Side-6020-7__dropout__indoor__1_2.npz,False,1.0,0.9346761306126913,0,train
Side-6020-9,False,indoor,1_2,processed_videos\sequences\Side-6020-9__indoor__1_2.npz,False,1.0,0.936997652053833,0,val
Side-6020-9,True,indoor,1_2,processed_videos\sequences\Side-6020-9__gaussian__indoor__1_2.npz,False,1.0,0.936997652053833,0,val
Side-6020-9,True,indoor,1_2,processed_videos\sequences\Side-6020-9__timewarp__indoor__1_2.npz,False,1.0,0.936997652053833,0,val
Side-6020-9,True,indoor,1_2,processed_videos\sequences\Side-6020-9__jitter__indoor__1_2.npz,False,1.0,0.936997652053833,0,val
Side-6020-9,True,indoor,1_2,processed_videos\sequences\Side-6020-9__dropout__indoor__1_2.npz,False,1.0,0.936997652053833,0,val
Backside-8767-2,False,indoor,2_4,processed_videos\sequences\Backside-8767-2__indoor__2_4.npz,False,1.0,0.8534438113371531,0,test
Backside-8767-2,True,indoor,2_4,processed_videos\sequences\Backside-8767-2__gaussian__indoor__2_4.npz,False,1.0,0.8534438113371531,0,test
Backside-8767-2,True,indoor,2_4,processed_videos\sequences\Backside-8767-2__timewarp__indoor__2_4.npz,False,1.0,0.8534438113371531,0,test
Backside-8767-2,True,indoor,2_4,processed_videos\sequences\Backside-8767-2__jitter__indoor__2_4.npz,False,1.0,0.8534438113371531,0,test
Backside-8767-2,True,indoor,2_4,processed_videos\sequences\Backside-8767-2__dropout__indoor__2_4.npz,False,1.0,0.8534438113371531,0,test
Backside-8767-3,False,indoor,2_4,processed_videos\sequences\Backside-8767-3__indoor__2_4.npz,False,1.0,0.8367832203706106,0,train
Backside-8767-3,True,indoor,2_4,processed_videos\sequences\Backside-8767-3__gaussian__indoor__2_4.npz,False,1.0,0.8367832203706106,0,train
Backside-8767-3,True,indoor,2_4,processed_videos\sequences\Backside-8767-3__timewarp__indoor__2_4.npz,False,1.0,0.8367832203706106,0,train
Backside-8767-3,True,indoor,2_4,processed_videos\sequences\Backside-8767-3__jitter__indoor__2_4.npz,False,1.0,0.8367832203706106,0,train
Backside-8767-3,True,indoor,2_4,processed_videos\sequences\Backside-8767-3__dropout__indoor__2_4.npz,False,1.0,0.8367832203706106,0,train
Side-6020-2,False,indoor,2_4,processed_videos\sequences\Side-6020-2__indoor__2_4.npz,False,1.0,0.9585912227630615,0,train
Side-6020-2,True,indoor,2_4,processed_videos\sequences\Side-6020-2__gaussian__indoor__2_4.npz,False,1.0,0.9585912227630615,0,train
Side-6020-2,True,indoor,2_4,processed_videos\sequences\Side-6020-2__timewarp__indoor__2_4.npz,False,1.0,0.9585912227630615,0,train
Side-6020-2,True,indoor,2_4,processed_videos\sequences\Side-6020-2__jitter__indoor__2_4.npz,False,1.0,0.9585912227630615,0,train
Side-6020-2,True,indoor,2_4,processed_videos\sequences\Side-6020-2__dropout__indoor__2_4.npz,False,1.0,0.9585912227630615,0,train
Side-6020-3,False,indoor,2_4,processed_videos\sequences\Side-6020-3__indoor__2_4.npz,False,1.0,0.9570462306340536,0,train
Side-6020-3,True,indoor,2_4,processed_videos\sequences\Side-6020-3__gaussian__indoor__2_4.npz,False,1.0,0.9570462306340536,0,train
Side-6020-3,True,indoor,2_4,processed_videos\sequences\Side-6020-3__timewarp__indoor__2_4.npz,False,1.0,0.9570462306340536,0,train
Side-6020-3,True,indoor,2_4,processed_videos\sequences\Side-6020-3__jitter__indoor__2_4.npz,False,1.0,0.9570462306340536,0,train
Side-6020-3,True,indoor,2_4,processed_videos\sequences\Side-6020-3__dropout__indoor__2_4.npz,False,1.0,0.9570462306340536,0,train
Backside-8767-4,False,indoor,4_6,processed_videos\sequences\Backside-8767-4__indoor__4_6.npz,False,1.0,0.7766535530487696,0,train
Backside-8767-4,True,indoor,4_6,processed_videos\sequences\Backside-8767-4__gaussian__indoor__4_6.npz,False,1.0,0.7766535530487696,0,train
Backside-8767-4,True,indoor,4_6,processed_videos\sequences\Backside-8767-4__timewarp__indoor__4_6.npz,False,1.0,0.7766535530487696,0,train
Backside-8767-4,True,indoor,4_6,processed_videos\sequences\Backside-8767-4__jitter__indoor__4_6.npz,False,1.0,0.7766535530487696,0,train
Backside-8767-4,True,indoor,4_6,processed_videos\sequences\Backside-8767-4__dropout__indoor__4_6.npz,False,1.0,0.7766535530487696,0,train
Backside-8767-5,False,indoor,4_6,processed_videos\sequences\Backside-8767-5__indoor__4_6.npz,False,1.0,0.8106350749731064,0,train
Backside-8767-5,True,indoor,4_6,processed_videos\sequences\Backside-8767-5__gaussian__indoor__4_6.npz,False,1.0,0.8106350749731064,0,train
Backside-8767-5,True,indoor,4_6,processed_videos\sequences\Backside-8767-5__timewarp__indoor__4_6.npz,False,1.0,0.8106350749731064,0,train
Backside-8767-5,True,indoor,4_6,processed_videos\sequences\Backside-8767-5__jitter__indoor__4_6.npz,False,1.0,0.8106350749731064,0,train
Backside-8767-5,True,indoor,4_6,processed_videos\sequences\Backside-8767-5__dropout__indoor__4_6.npz,False,1.0,0.8106350749731064,0,train
Backside-8767-6,False,indoor,4_6,processed_videos\sequences\Backside-8767-6__indoor__4_6.npz,False,1.0,0.825407495101293,0,train
Backside-8767-6,True,indoor,4_6,processed_videos\sequences\Backside-8767-6__gaussian__indoor__4_6.npz,False,1.0,0.825407495101293,0,train
Backside-8767-6,True,indoor,4_6,processed_videos\sequences\Backside-8767-6__timewarp__indoor__4_6.npz,False,1.0,0.825407495101293,0,train
Backside-8767-6,True,indoor,4_6,processed_videos\sequences\Backside-8767-6__jitter__indoor__4_6.npz,False,1.0,0.825407495101293,0,train
Backside-8767-6,True,indoor,4_6,processed_videos\sequences\Backside-8767-6__dropout__indoor__4_6.npz,False,1.0,0.825407495101293,0,train
Side-6016-18,False,indoor,4_6,processed_videos\sequences\Side-6016-18__indoor__4_6.npz,False,1.0,0.8588826457659403,0,val
Side-6016-18,True,indoor,4_6,processed_videos\sequences\Side-6016-18__gaussian__indoor__4_6.npz,False,1.0,0.8588826457659403,0,val
Side-6016-18,True,indoor,4_6,processed_videos\sequences\Side-6016-18__timewarp__indoor__4_6.npz,False,1.0,0.8588826457659403,0,val
Side-6016-18,True,indoor,4_6,processed_videos\sequences\Side-6016-18__jitter__indoor__4_6.npz,False,1.0,0.8588826457659403,0,val
Side-6016-18,True,indoor,4_6,processed_videos\sequences\Side-6016-18__dropout__indoor__4_6.npz,False,1.0,0.8588826457659403,0,val
Side-6020-6,False,indoor,4_6,processed_videos\sequences\Side-6020-6__indoor__4_6.npz,False,1.0,0.9349982539812723,0,val
Side-6020-6,True,indoor,4_6,processed_videos\sequences\Side-6020-6__gaussian__indoor__4_6.npz,False,1.0,0.9349982539812723,0,val
Side-6020-6,True,indoor,4_6,processed_videos\sequences\Side-6020-6__timewarp__indoor__4_6.npz,False,1.0,0.9349982539812723,0,val
Side-6020-6,True,indoor,4_6,processed_videos\sequences\Side-6020-6__jitter__indoor__4_6.npz,False,1.0,0.9349982539812723,0,val
Side-6020-6,True,indoor,4_6,processed_videos\sequences\Side-6020-6__dropout__indoor__4_6.npz,False,1.0,0.9349982539812723,0,val
Side-6020-8,False,indoor,4_6,processed_videos\sequences\Side-6020-8__indoor__4_6.npz,False,1.0,0.9411819875240326,0,train
Side-6020-8,True,indoor,4_6,processed_videos\sequences\Side-6020-8__gaussian__indoor__4_6.npz,False,1.0,0.9411819875240326,0,train
Side-6020-8,True,indoor,4_6,processed_videos\sequences\Side-6020-8__timewarp__indoor__4_6.npz,False,1.0,0.9411819875240326,0,train
Side-6020-8,True,indoor,4_6,processed_videos\sequences\Side-6020-8__jitter__indoor__4_6.npz,False,1.0,0.9411819875240326,0,train
Side-6020-8,True,indoor,4_6,processed_videos\sequences\Side-6020-8__dropout__indoor__4_6.npz,False,1.0,0.9411819875240326,0,train
Backside-8751-3,False,indoor,6_8,processed_videos\sequences\Backside-8751-3__indoor__6_8.npz,False,1.0,0.8554388781388601,0,val
Backside-8751-3,True,indoor,6_8,processed_videos\sequences\Backside-8751-3__gaussian__indoor__6_8.npz,False,1.0,0.8554388781388601,0,val
Backside-8751-3,True,indoor,6_8,processed_videos\sequences\Backside-8751-3__timewarp__indoor__6_8.npz,False,1.0,0.8554388781388601,0,val
Backside-8751-3,True,indoor,6_8,processed_videos\sequences\Backside-8751-3__jitter__indoor__6_8.npz,False,1.0,0.8554388781388601,0,val
Backside-8751-3,True,indoor,6_8,processed_videos\sequences\Backside-8751-3__dropout__indoor__6_8.npz,False,1.0,0.8554388781388601,0,val
Backside-8751-5,False,indoor,6_8,processed_videos\sequences\Backside-8751-5__indoor__6_8.npz,False,1.0,0.8522927363713583,0,train
Backside-8751-5,True,indoor,6_8,processed_videos\sequences\Backside-8751-5__gaussian__indoor__6_8.npz,False,1.0,0.8522927363713583,0,train
Backside-8751-5,True,indoor,6_8,processed_videos\sequences\Backside-8751-5__timewarp__indoor__6_8.npz,False,1.0,0.8522927363713583,0,train
Backside-8751-5,True,indoor,6_8,processed_videos\sequences\Backside-8751-5__jitter__indoor__6_8.npz,False,1.0,0.8522927363713583,0,train
Backside-8751-5,True,indoor,6_8,processed_videos\sequences\Backside-8751-5__dropout__indoor__6_8.npz,False,1.0,0.8522927363713583,0,train
Backside-8751-6,False,indoor,6_8,processed_videos\sequences\Backside-8751-6__indoor__6_8.npz,False,1.0,0.8524371186892191,0,train
Backside-8751-6,True,indoor,6_8,processed_videos\sequences\Backside-8751-6__gaussian__indoor__6_8.npz,False,1.0,0.8524371186892191,0,train
Backside-8751-6,True,indoor,6_8,processed_videos\sequences\Backside-8751-6__timewarp__indoor__6_8.npz,False,1.0,0.8524371186892191,0,train
Backside-8751-6,True,indoor,6_8,processed_videos\sequences\Backside-8751-6__jitter__indoor__6_8.npz,False,1.0,0.8524371186892191,0,train
Backside-8751-6,True,indoor,6_8,processed_videos\sequences\Backside-8751-6__dropout__indoor__6_8.npz,False,1.0,0.8524371186892191,0,train
Side-6016-4,False,indoor,6_8,processed_videos\sequences\Side-6016-4__indoor__6_8.npz,False,1.0,0.9235972464084625,0,train
Side-6016-4,True,indoor,6_8,processed_videos\sequences\Side-6016-4__gaussian__indoor__6_8.npz,False,1.0,0.9235972464084625,0,train
Side-6016-4,True,indoor,6_8,processed_videos\sequences\Side-6016-4__timewarp__indoor__6_8.npz,False,1.0,0.9235972464084625,0,train
Side-6016-4,True,indoor,6_8,processed_videos\sequences\Side-6016-4__jitter__indoor__6_8.npz,False,1.0,0.9235972464084625,0,train
Side-6016-4,True,indoor,6_8,processed_videos\sequences\Side-6016-4__dropout__indoor__6_8.npz,False,1.0,0.9235972464084625,0,train
Side-6016-5,False,indoor,6_8,processed_videos\sequences\Side-6016-5__indoor__6_8.npz,False,1.0,0.9320874810218811,0,train
Side-6016-5,True,indoor,6_8,processed_videos\sequences\Side-6016-5__gaussian__indoor__6_8.npz,False,1.0,0.9320874810218811,0,train
Side-6016-5,True,indoor,6_8,processed_videos\sequences\Side-6016-5__timewarp__indoor__6_8.npz,False,1.0,0.9320874810218811,0,train
Side-6016-5,True,indoor,6_8,processed_videos\sequences\Side-6016-5__jitter__indoor__6_8.npz,False,1.0,0.9320874810218811,0,train
Side-6016-5,True,indoor,6_8,processed_videos\sequences\Side-6016-5__dropout__indoor__6_8.npz,False,1.0,0.9320874810218811,0,train
Side-6016-6,False,indoor,6_8,processed_videos\sequences\Side-6016-6__indoor__6_8.npz,False,1.0,0.907014528910319,0,train
Side-6016-6,True,indoor,6_8,processed_videos\sequences\Side-6016-6__gaussian__indoor__6_8.npz,False,1.0,0.907014528910319,0,train
Side-6016-6,True,indoor,6_8,processed_videos\sequences\Side-6016-6__timewarp__indoor__6_8.npz,False,1.0,0.907014528910319,0,train
Side-6016-6,True,indoor,6_8,processed_videos\sequences\Side-6016-6__jitter__indoor__6_8.npz,False,1.0,0.907014528910319,0,train
Side-6016-6,True,indoor,6_8,processed_videos\sequences\Side-6016-6__dropout__indoor__6_8.npz,False,1.0,0.907014528910319,0,train
Backside-8748-3,False,indoor,8_10,processed_videos\sequences\Backside-8748-3__indoor__8_10.npz,False,1.0,0.8188810447851816,0,train
Backside-8748-3,True,indoor,8_10,processed_videos\sequences\Backside-8748-3__gaussian__indoor__8_10.npz,False,1.0,0.8188810447851816,0,train
Backside-8748-3,True,indoor,8_10,processed_videos\sequences\Backside-8748-3__timewarp__indoor__8_10.npz,False,1.0,0.8188810447851816,0,train
Backside-8748-3,True,indoor,8_10,processed_videos\sequences\Backside-8748-3__jitter__indoor__8_10.npz,False,1.0,0.8188810447851816,0,train
Backside-8748-3,True,indoor,8_10,processed_videos\sequences\Backside-8748-3__dropout__indoor__8_10.npz,False,1.0,0.8188810447851816,0,train
Backside-8748-5,False,indoor,8_10,processed_videos\sequences\Backside-8748-5__indoor__8_10.npz,False,1.0,0.8426572581132253,0,test
Backside-8748-5,True,indoor,8_10,processed_videos\sequences\Backside-8748-5__gaussian__indoor__8_10.npz,False,1.0,0.8426572581132253,0,test
Backside-8748-5,True,indoor,8_10,processed_videos\sequences\Backside-8748-5__timewarp__indoor__8_10.npz,False,1.0,0.8426572581132253,0,test
Backside-8748-5,True,indoor,8_10,processed_videos\sequences\Backside-8748-5__jitter__indoor__8_10.npz,False,1.0,0.8426572581132253,0,test
Backside-8748-5,True,indoor,8_10,processed_videos\sequences\Backside-8748-5__dropout__indoor__8_10.npz,False,1.0,0.8426572581132253,0,test
Side-5999-1,False,indoor,8_10,processed_videos\sequences\Side-5999-1__indoor__8_10.npz,False,1.0,0.8639752666155497,0,train
Side-5999-1,True,indoor,8_10,processed_videos\sequences\Side-5999-1__gaussian__indoor__8_10.npz,False,1.0,0.8639752666155497,0,train
Side-5999-1,True,indoor,8_10,processed_videos\sequences\Side-5999-1__timewarp__indoor__8_10.npz,False,1.0,0.8639752666155497,0,train
Side-5999-1,True,indoor,8_10,processed_videos\sequences\Side-5999-1__jitter__indoor__8_10.npz,False,1.0,0.8639752666155497,0,train
Side-5999-1,True,indoor,8_10,processed_videos\sequences\Side-5999-1__dropout__indoor__8_10.npz,False,1.0,0.8639752666155497,0,train
Side-6007-1,False,indoor,8_10,processed_videos\sequences\Side-6007-1__indoor__8_10.npz,False,1.0,0.8236470520496368,0,train
Side-6007-1,True,indoor,8_10,processed_videos\sequences\Side-6007-1__gaussian__indoor__8_10.npz,False,1.0,0.8236470520496368,0,train
Side-6007-1,True,indoor,8_10,processed_videos\sequences\Side-6007-1__timewarp__indoor__8_10.npz,False,1.0,0.8236470520496368,0,train
Side-6007-1,True,indoor,8_10,processed_videos\sequences\Side-6007-1__jitter__indoor__8_10.npz,False,1.0,0.8236470520496368,0,train
Side-6007-1,True,indoor,8_10,processed_videos\sequences\Side-6007-1__dropout__indoor__8_10.npz,False,1.0,0.8236470520496368,0,train
Backside-8897-2,False,outdoor,1_2,processed_videos\sequences\Backside-8897-2__outdoor__1_2.npz,False,1.0,0.8224808772404989,0,train
Backside-8897-2,True,outdoor,1_2,processed_videos\sequences\Backside-8897-2__gaussian__outdoor__1_2.npz,False,1.0,0.8224808772404989,0,train
Backside-8897-2,True,outdoor,1_2,processed_videos\sequences\Backside-8897-2__timewarp__outdoor__1_2.npz,False,1.0,0.8224808772404989,0,train
Backside-8897-2,True,outdoor,1_2,processed_videos\sequences\Backside-8897-2__jitter__outdoor__1_2.npz,False,1.0,0.8224808772404989,0,train
Backside-8897-2,True,outdoor,1_2,processed_videos\sequences\Backside-8897-2__dropout__outdoor__1_2.npz,False,1.0,0.8224808772404989,0,train
Backside-8900-11,False,outdoor,1_2,processed_videos\sequences\Backside-8900-11__outdoor__1_2.npz,False,1.0,0.8172554075717926,0,train
Backside-8900-11,True,outdoor,1_2,processed_videos\sequences\Backside-8900-11__gaussian__outdoor__1_2.npz,False,1.0,0.8172554075717926,0,train
Backside-8900-11,True,outdoor,1_2,processed_videos\sequences\Backside-8900-11__timewarp__outdoor__1_2.npz,False,1.0,0.8172554075717926,0,train
Backside-8900-11,True,outdoor,1_2,processed_videos\sequences\Backside-8900-11__jitter__outdoor__1_2.npz,False,1.0,0.8172554075717926,0,train
Backside-8900-11,True,outdoor,1_2,processed_videos\sequences\Backside-8900-11__dropout__outdoor__1_2.npz,False,1.0,0.8172554075717926,0,train
Side-6088-2,False,outdoor,1_2,processed_videos\sequences\Side-6088-2__outdoor__1_2.npz,False,1.0,0.9326542119185129,0,train
Side-6088-2,True,outdoor,1_2,processed_videos\sequences\Side-6088-2__gaussian__outdoor__1_2.npz,False,1.0,0.9326542119185129,0,train
Side-6088-2,True,outdoor,1_2,processed_videos\sequences\Side-6088-2__timewarp__outdoor__1_2.npz,False,1.0,0.9326542119185129,0,train
Side-6088-2,True,outdoor,1_2,processed_videos\sequences\Side-6088-2__jitter__outdoor__1_2.npz,False,1.0,0.9326542119185129,0,train
Side-6088-2,True,outdoor,1_2,processed_videos\sequences\Side-6088-2__dropout__outdoor__1_2.npz,False,1.0,0.9326542119185129,0,train
Side-6089-1,False,outdoor,1_2,processed_videos\sequences\Side-6089-1__outdoor__1_2.npz,False,1.0,0.9281229277451833,0,val
Side-6089-1,True,outdoor,1_2,processed_videos\sequences\Side-6089-1__gaussian__outdoor__1_2.npz,False,1.0,0.9281229277451833,0,val
Side-6089-1,True,outdoor,1_2,processed_videos\sequences\Side-6089-1__timewarp__outdoor__1_2.npz,False,1.0,0.9281229277451833,0,val
Side-6089-1,True,outdoor,1_2,processed_videos\sequences\Side-6089-1__jitter__outdoor__1_2.npz,False,1.0,0.9281229277451833,0,val
Side-6089-1,True,outdoor,1_2,processed_videos\sequences\Side-6089-1__dropout__outdoor__1_2.npz,False,1.0,0.9281229277451833,0,val
Backside-8900-8,False,outdoor,2_4,processed_videos\sequences\Backside-8900-8__outdoor__2_4.npz,False,1.0,0.8002433776855469,0,train
Backside-8900-8,True,outdoor,2_4,processed_videos\sequences\Backside-8900-8__gaussian__outdoor__2_4.npz,False,1.0,0.8002433776855469,0,train
Backside-8900-8,True,outdoor,2_4,processed_videos\sequences\Backside-8900-8__timewarp__outdoor__2_4.npz,False,1.0,0.8002433776855469,0,train
Backside-8900-8,True,outdoor,2_4,processed_videos\sequences\Backside-8900-8__jitter__outdoor__2_4.npz,False,1.0,0.8002433776855469,0,train
Backside-8900-8,True,outdoor,2_4,processed_videos\sequences\Backside-8900-8__dropout__outdoor__2_4.npz,False,1.0,0.8002433776855469,0,train
Backside-8900-9,False,outdoor,2_4,processed_videos\sequences\Backside-8900-9__outdoor__2_4.npz,False,1.0,0.8155715763568878,0,train
Backside-8900-9,True,outdoor,2_4,processed_videos\sequences\Backside-8900-9__gaussian__outdoor__2_4.npz,False,1.0,0.8155715763568878,0,train
Backside-8900-9,True,outdoor,2_4,processed_videos\sequences\Backside-8900-9__timewarp__outdoor__2_4.npz,False,1.0,0.8155715763568878,0,train
Backside-8900-9,True,outdoor,2_4,processed_videos\sequences\Backside-8900-9__jitter__outdoor__2_4.npz,False,1.0,0.8155715763568878,0,train
Backside-8900-9,True,outdoor,2_4,processed_videos\sequences\Backside-8900-9__dropout__outdoor__2_4.npz,False,1.0,0.8155715763568878,0,train
Side-6086-8,False,outdoor,2_4,processed_videos\sequences\Side-6086-8__outdoor__2_4.npz,False,1.0,0.9133363862832388,0,train
Side-6086-8,True,outdoor,2_4,processed_videos\sequences\Side-6086-8__gaussian__outdoor__2_4.npz,False,1.0,0.9133363862832388,0,train
Side-6086-8,True,outdoor,2_4,processed_videos\sequences\Side-6086-8__timewarp__outdoor__2_4.npz,False,1.0,0.9133363862832388,0,train
Side-6086-8,True,outdoor,2_4,processed_videos\sequences\Side-6086-8__jitter__outdoor__2_4.npz,False,1.0,0.9133363862832388,0,train
Side-6086-8,True,outdoor,2_4,processed_videos\sequences\Side-6086-8__dropout__outdoor__2_4.npz,False,1.0,0.9133363862832388,0,train
Side-6086-9,False,outdoor,2_4,processed_videos\sequences\Side-6086-9__outdoor__2_4.npz,False,1.0,0.9149460891882578,0,val
Side-6086-9,True,outdoor,2_4,processed_videos\sequences\Side-6086-9__gaussian__outdoor__2_4.npz,False,1.0,0.9149460891882578,0,val
Side-6086-9,True,outdoor,2_4,processed_videos\sequences\Side-6086-9__timewarp__outdoor__2_4.npz,False,1.0,0.9149460891882578,0,val
Side-6086-9,True,outdoor,2_4,processed_videos\sequences\Side-6086-9__jitter__outdoor__2_4.npz,False,1.0,0.9149460891882578,0,val
Side-6086-9,True,outdoor,2_4,processed_videos\sequences\Side-6086-9__dropout__outdoor__2_4.npz,False,1.0,0.9149460891882578,0,val
Backside-8896-22,False,outdoor,4_6,processed_videos\sequences\Backside-8896-22__outdoor__4_6.npz,False,1.0,0.8048232992490133,0,train
Backside-8896-22,True,outdoor,4_6,processed_videos\sequences\Backside-8896-22__gaussian__outdoor__4_6.npz,False,1.0,0.8048232992490133,0,train
Backside-8896-22,True,outdoor,4_6,processed_videos\sequences\Backside-8896-22__timewarp__outdoor__4_6.npz,False,1.0,0.8048232992490133,0,train
Backside-8896-22,True,outdoor,4_6,processed_videos\sequences\Backside-8896-22__jitter__outdoor__4_6.npz,False,1.0,0.8048232992490133,0,train
Backside-8896-22,True,outdoor,4_6,processed_videos\sequences\Backside-8896-22__dropout__outdoor__4_6.npz,False,1.0,0.8048232992490133,0,train
Backside-8896-23,False,outdoor,4_6,processed_videos\sequences\Backside-8896-23__outdoor__4_6.npz,False,1.0,0.8221153020858765,0,test
Backside-8896-23,True,outdoor,4_6,processed_videos\sequences\Backside-8896-23__gaussian__outdoor__4_6.npz,False,1.0,0.8221153020858765,0,test
Backside-8896-23,True,outdoor,4_6,processed_videos\sequences\Backside-8896-23__timewarp__outdoor__4_6.npz,False,1.0,0.8221153020858765,0,test
Backside-8896-23,True,outdoor,4_6,processed_videos\sequences\Backside-8896-23__jitter__outdoor__4_6.npz,False,1.0,0.8221153020858765,0,test
Backside-8896-23,True,outdoor,4_6,processed_videos\sequences\Backside-8896-23__dropout__outdoor__4_6.npz,False,1.0,0.8221153020858765,0,test
Backside-8900-3,False,outdoor,4_6,processed_videos\sequences\Backside-8900-3__outdoor__4_6.npz,False,1.0,0.877496729294459,0,train
Backside-8900-3,True,outdoor,4_6,processed_videos\sequences\Backside-8900-3__gaussian__outdoor__4_6.npz,False,1.0,0.877496729294459,0,train
Backside-8900-3,True,outdoor,4_6,processed_videos\sequences\Backside-8900-3__timewarp__outdoor__4_6.npz,False,1.0,0.877496729294459,0,train
Backside-8900-3,True,outdoor,4_6,processed_videos\sequences\Backside-8900-3__jitter__outdoor__4_6.npz,False,1.0,0.877496729294459,0,train
Backside-8900-3,True,outdoor,4_6,processed_videos\sequences\Backside-8900-3__dropout__outdoor__4_6.npz,False,1.0,0.877496729294459,0,train
Side-6086-1,False,outdoor,4_6,processed_videos\sequences\Side-6086-1__outdoor__4_6.npz,False,1.0,0.9336387316385905,0,train
Side-6086-1,True,outdoor,4_6,processed_videos\sequences\Side-6086-1__gaussian__outdoor__4_6.npz,False,1.0,0.9336387316385905,0,train
Side-6086-1,True,outdoor,4_6,processed_videos\sequences\Side-6086-1__timewarp__outdoor__4_6.npz,False,1.0,0.9336387316385905,0,train
Side-6086-1,True,outdoor,4_6,processed_videos\sequences\Side-6086-1__jitter__outdoor__4_6.npz,False,1.0,0.9336387316385905,0,train
Side-6086-1,True,outdoor,4_6,processed_videos\sequences\Side-6086-1__dropout__outdoor__4_6.npz,False,1.0,0.9336387316385905,0,train
Side-6086-4,False,outdoor,4_6,processed_videos\sequences\Side-6086-4__outdoor__4_6.npz,False,1.0,0.9123395681381226,0,train
Side-6086-4,True,outdoor,4_6,processed_videos\sequences\Side-6086-4__gaussian__outdoor__4_6.npz,False,1.0,0.9123395681381226,0,train
Side-6086-4,True,outdoor,4_6,processed_videos\sequences\Side-6086-4__timewarp__outdoor__4_6.npz,False,1.0,0.9123395681381226,0,train
Side-6086-4,True,outdoor,4_6,processed_videos\sequences\Side-6086-4__jitter__outdoor__4_6.npz,False,1.0,0.9123395681381226,0,train
Side-6086-4,True,outdoor,4_6,processed_videos\sequences\Side-6086-4__dropout__outdoor__4_6.npz,False,1.0,0.9123395681381226,0,train
Side-6086-5,False,outdoor,4_6,processed_videos\sequences\Side-6086-5__outdoor__4_6.npz,False,1.0,0.9058857162793478,0,train
Side-6086-5,True,outdoor,4_6,processed_videos\sequences\Side-6086-5__gaussian__outdoor__4_6.npz,False,1.0,0.9058857162793478,0,train
Side-6086-5,True,outdoor,4_6,processed_videos\sequences\Side-6086-5__timewarp__outdoor__4_6.npz,False,1.0,0.9058857162793478,0,train
Side-6086-5,True,outdoor,4_6,processed_videos\sequences\Side-6086-5__jitter__outdoor__4_6.npz,False,1.0,0.9058857162793478,0,train
Side-6086-5,True,outdoor,4_6,processed_videos\sequences\Side-6086-5__dropout__outdoor__4_6.npz,False,1.0,0.9058857162793478,0,train
Backside-8895-16,False,outdoor,6_8,processed_videos\sequences\Backside-8895-16__outdoor__6_8.npz,False,1.0,0.8624216814835867,0,train
Backside-8895-16,True,outdoor,6_8,processed_videos\sequences\Backside-8895-16__gaussian__outdoor__6_8.npz,False,1.0,0.8624216814835867,0,train
Backside-8895-16,True,outdoor,6_8,processed_videos\sequences\Backside-8895-16__timewarp__outdoor__6_8.npz,False,1.0,0.8624216814835867,0,train
Backside-8895-16,True,outdoor,6_8,processed_videos\sequences\Backside-8895-16__jitter__outdoor__6_8.npz,False,1.0,0.8624216814835867,0,train
Backside-8895-16,True,outdoor,6_8,processed_videos\sequences\Backside-8895-16__dropout__outdoor__6_8.npz,False,1.0,0.8624216814835867,0,train
Backside-8896-14,False,outdoor,6_8,processed_videos\sequences\Backside-8896-14__outdoor__6_8.npz,False,1.0,0.8735558489958445,0,test
Backside-8896-14,True,outdoor,6_8,processed_videos\sequences\Backside-8896-14__gaussian__outdoor__6_8.npz,False,1.0,0.8735558489958445,0,test
Backside-8896-14,True,outdoor,6_8,processed_videos\sequences\Backside-8896-14__timewarp__outdoor__6_8.npz,False,1.0,0.8735558489958445,0,test
Backside-8896-14,True,outdoor,6_8,processed_videos\sequences\Backside-8896-14__jitter__outdoor__6_8.npz,False,1.0,0.8735558489958445,0,test
Backside-8896-14,True,outdoor,6_8,processed_videos\sequences\Backside-8896-14__dropout__outdoor__6_8.npz,False,1.0,0.8735558489958445,0,test
Backside-8896-9,False,outdoor,6_8,processed_videos\sequences\Backside-8896-9__outdoor__6_8.npz,False,1.0,0.8587332367897034,0,train
Backside-8896-9,True,outdoor,6_8,processed_videos\sequences\Backside-8896-9__gaussian__outdoor__6_8.npz,False,1.0,0.8587332367897034,0,train
Backside-8896-9,True,outdoor,6_8,processed_videos\sequences\Backside-8896-9__timewarp__outdoor__6_8.npz,False,1.0,0.8587332367897034,0,train
Backside-8896-9,True,outdoor,6_8,processed_videos\sequences\Backside-8896-9__jitter__outdoor__6_8.npz,False,1.0,0.8587332367897034,0,train
Backside-8896-9,True,outdoor,6_8,processed_videos\sequences\Backside-8896-9__dropout__outdoor__6_8.npz,False,1.0,0.8587332367897034,0,train
Side-6084-18,False,outdoor,6_8,processed_videos\sequences\Side-6084-18__outdoor__6_8.npz,False,1.0,0.94863361120224,0,train
Side-6084-18,True,outdoor,6_8,processed_videos\sequences\Side-6084-18__gaussian__outdoor__6_8.npz,False,1.0,0.94863361120224,0,train
Side-6084-18,True,outdoor,6_8,processed_videos\sequences\Side-6084-18__timewarp__outdoor__6_8.npz,False,1.0,0.94863361120224,0,train
Side-6084-18,True,outdoor,6_8,processed_videos\sequences\Side-6084-18__jitter__outdoor__6_8.npz,False,1.0,0.94863361120224,0,train
Side-6084-18,True,outdoor,6_8,processed_videos\sequences\Side-6084-18__dropout__outdoor__6_8.npz,False,1.0,0.94863361120224,0,train
Side-6085-10,False,outdoor,6_8,processed_videos\sequences\Side-6085-10__outdoor__6_8.npz,False,1.0,0.9487821161746979,0,test
Side-6085-10,True,outdoor,6_8,processed_videos\sequences\Side-6085-10__gaussian__outdoor__6_8.npz,False,1.0,0.9487821161746979,0,test
Side-6085-10,True,outdoor,6_8,processed_videos\sequences\Side-6085-10__timewarp__outdoor__6_8.npz,False,1.0,0.9487821161746979,0,test
Side-6085-10,True,outdoor,6_8,processed_videos\sequences\Side-6085-10__jitter__outdoor__6_8.npz,False,1.0,0.9487821161746979,0,test
Side-6085-10,True,outdoor,6_8,processed_videos\sequences\Side-6085-10__dropout__outdoor__6_8.npz,False,1.0,0.9487821161746979,0,test
Side-6085-15,False,outdoor,6_8,processed_videos\sequences\Side-6085-15__outdoor__6_8.npz,False,1.0,0.8433513740698496,0,train
Side-6085-15,True,outdoor,6_8,processed_videos\sequences\Side-6085-15__gaussian__outdoor__6_8.npz,False,1.0,0.8433513740698496,0,train
Side-6085-15,True,outdoor,6_8,processed_videos\sequences\Side-6085-15__timewarp__outdoor__6_8.npz,False,1.0,0.8433513740698496,0,train
Side-6085-15,True,outdoor,6_8,processed_videos\sequences\Side-6085-15__jitter__outdoor__6_8.npz,False,1.0,0.8433513740698496,0,train
Side-6085-15,True,outdoor,6_8,processed_videos\sequences\Side-6085-15__dropout__outdoor__6_8.npz,False,1.0,0.8433513740698496,0,train
Backside-8895-5,False,outdoor,8_10,processed_videos\sequences\Backside-8895-5__outdoor__8_10.npz,False,1.0,0.8688907126585642,0,test
Backside-8895-5,True,outdoor,8_10,processed_videos\sequences\Backside-8895-5__gaussian__outdoor__8_10.npz,False,1.0,0.8688907126585642,0,test
Backside-8895-5,True,outdoor,8_10,processed_videos\sequences\Backside-8895-5__timewarp__outdoor__8_10.npz,False,1.0,0.8688907126585642,0,test
Backside-8895-5,True,outdoor,8_10,processed_videos\sequences\Backside-8895-5__jitter__outdoor__8_10.npz,False,1.0,0.8688907126585642,0,test
Backside-8895-5,True,outdoor,8_10,processed_videos\sequences\Backside-8895-5__dropout__outdoor__8_10.npz,False,1.0,0.8688907126585642,0,test
Backside-8896-8,False,outdoor,8_10,processed_videos\sequences\Backside-8896-8__outdoor__8_10.npz,False,1.0,0.8804876009623209,0,train
Backside-8896-8,True,outdoor,8_10,processed_videos\sequences\Backside-8896-8__gaussian__outdoor__8_10.npz,False,1.0,0.8804876009623209,0,train
Backside-8896-8,True,outdoor,8_10,processed_videos\sequences\Backside-8896-8__timewarp__outdoor__8_10.npz,False,1.0,0.8804876009623209,0,train
Backside-8896-8,True,outdoor,8_10,processed_videos\sequences\Backside-8896-8__jitter__outdoor__8_10.npz,False,1.0,0.8804876009623209,0,train
Backside-8896-8,True,outdoor,8_10,processed_videos\sequences\Backside-8896-8__dropout__outdoor__8_10.npz,False,1.0,0.8804876009623209,0,train
Side-6084-3,False,outdoor,8_10,processed_videos\sequences\Side-6084-3__outdoor__8_10.npz,False,1.0,0.8449389636516571,0,train
Side-6084-3,True,outdoor,8_10,processed_videos\sequences\Side-6084-3__gaussian__outdoor__8_10.npz,False,1.0,0.8449389636516571,0,train
Side-6084-3,True,outdoor,8_10,processed_videos\sequences\Side-6084-3__timewarp__outdoor__8_10.npz,False,1.0,0.8449389636516571,0,train
Side-6084-3,True,outdoor,8_10,processed_videos\sequences\Side-6084-3__jitter__outdoor__8_10.npz,False,1.0,0.8449389636516571,0,train
Side-6084-3,True,outdoor,8_10,processed_videos\sequences\Side-6084-3__dropout__outdoor__8_10.npz,False,1.0,0.8449389636516571,0,train
Side-6085-5,False,outdoor,8_10,processed_videos\sequences\Side-6085-5__outdoor__8_10.npz,False,1.0,0.8510248164335886,0,train
Side-6085-5,True,outdoor,8_10,processed_videos\sequences\Side-6085-5__gaussian__outdoor__8_10.npz,False,1.0,0.8510248164335886,0,train
Side-6085-5,True,outdoor,8_10,processed_videos\sequences\Side-6085-5__timewarp__outdoor__8_10.npz,False,1.0,0.8510248164335886,0,train
Side-6085-5,True,outdoor,8_10,processed_videos\sequences\Side-6085-5__jitter__outdoor__8_10.npz,False,1.0,0.8510248164335886,0,train
Side-6085-5,True,outdoor,8_10,processed_videos\sequences\Side-6085-5__dropout__outdoor__8_10.npz,False,1.0,0.8510248164335886,0,train
